"map_id[Int]","point[Vector4]"
"7165","-5430.651855,5950.000000,150.000000,0.000000"